iteration,wall_time_s,n_trajectories,pareto_front_size,best_obj0,best_obj1,mean_episode_return_obj0,mean_episode_return_obj1,target_obj0,target_obj1,bc_loss_mean,bc_loss_last
1,0.317,4,1,0.24505479633808136,-3.0816895961761475,-0.06543003767728806,-3.115845203399658,-4.164399147033691,-9.811284065246582,6.597609882354736,6.471479415893555
2,0.622,4,1,0.24505479633808136,-3.0816895961761475,-0.06543003767728806,-3.115845203399658,1.698289155960083,-6.487046241760254,6.5401678466796875,6.5288920402526855
3,0.926,8,2,1.2485419511795044,-2.2913436889648438,-0.24139955639839172,-2.710193157196045,-7.149969577789307,7.4158453941345215,6.133595781326294,6.0077667236328125
4,1.247,8,2,1.2485419511795044,-2.2913436889648438,-0.24139955639839172,-2.710193157196045,-1.068256139755249,-2.2911345958709717,6.094769906997681,6.1909284591674805
5,1.554,12,3,1.2485419511795044,-2.1298398971557617,-0.46267715096473694,-2.519862413406372,-0.9989906549453735,-2.2909996509552,5.899559421539307,5.864884853363037
6,1.866,12,3,1.2485419511795044,-2.1298398971557617,-0.46267715096473694,-2.519862413406372,-0.6929038763046265,-2.106133222579956,5.8918787860870365,5.946135520935059
7,2.184,16,4,1.2485419511795044,-2.048584461212158,-0.5786417126655579,-2.4062042236328125,-0.5129215121269226,-2.1369309425354004,5.736775493621826,5.727627754211426
8,2.484,16,4,1.2485419511795044,-2.048584461212158,-0.5786417126655579,-2.4062042236328125,1.346889853477478,-2.283182144165039,5.7646792697906495,5.831100940704346
9,2.816,20,5,1.2485419511795044,-1.8881239891052246,-0.6692759394645691,-2.309295654296875,-1.4052904844284058,-2.031064033508301,5.621096496582031,5.5598063468933105
10,3.12,20,5,1.2485419511795044,-1.8881239891052246,-0.6692759394645691,-2.309295654296875,-1.3552216291427612,-1.815833330154419,5.615819444656372,5.770869255065918
11,3.445,24,3,1.2485419511795044,-1.8845574855804443,-0.5919451713562012,-2.2461202144622803,-1.0250442028045654,-1.8706364631652832,5.542944707870483,5.496617794036865
12,3.764,24,3,1.2485419511795044,-1.8845574855804443,-0.5919451713562012,-2.2461202144622803,0.319808691740036,-1.8304240703582764,5.5319664001464846,5.525368690490723
13,4.07,28,5,1.2485419511795044,-1.8488168716430664,-0.6349774599075317,-2.1946380138397217,1.4403053522109985,-2.2702317237854004,5.478061647415161,5.5539774894714355
14,4.411,28,5,1.2485419511795044,-1.8488168716430664,-0.6349774599075317,-2.1946380138397217,0.9001108407974243,-1.9332315921783447,5.4639789009094235,5.427014350891113
15,4.72,32,7,1.2485419511795044,-1.8488168716430664,-0.5709956884384155,-2.1621103286743164,2.000044345855713,-2.2674522399902344,5.420059976577758,5.459824085235596
16,5.034,32,7,1.2485419511795044,-1.8488168716430664,-0.5709956884384155,-2.1621103286743164,-1.1725658178329468,-1.7605334520339966,5.41011752128601,5.512205123901367
17,5.353,36,7,1.2485419511795044,-1.7310144901275635,-0.6086408495903015,-2.1162216663360596,1.4781817197799683,-2.2779977321624756,5.342555303573608,5.4111480712890625
18,5.655,36,7,1.2485419511795044,-1.7310144901275635,-0.6086408495903015,-2.1162216663360596,-0.2314484417438507,-1.7156686782836914,5.347818269729614,5.3684892654418945
19,5.994,40,6,1.2485419511795044,-1.7310144901275635,-0.5812404751777649,-2.0960402488708496,1.3287590742111206,-2.2870540618896484,5.337708034515381,5.136529445648193
20,6.333,40,6,1.2485419511795044,-1.7310144901275635,-0.5812404751777649,-2.0960402488708496,0.7289902567863464,-1.88310968875885,5.302216958999634,5.379831314086914
21,6.661,44,6,1.2485419511795044,-1.7310144901275635,-0.6419611573219299,-2.073648691177368,-0.5835931897163391,-1.7226873636245728,5.298787784576416,5.186135768890381
22,6.969,44,6,1.2485419511795044,-1.7310144901275635,-0.6419611573219299,-2.073648691177368,0.1840992420911789,-1.727258563041687,5.29296953201294,5.428089141845703
23,7.285,48,7,1.2485419511795044,-1.709391474723816,-0.6774649620056152,-2.050915002822876,1.5464379787445068,-2.2755749225616455,5.269517822265625,5.249549865722656
24,7.606,48,7,1.2485419511795044,-1.709391474723816,-0.6774649620056152,-2.050915002822876,0.23563773930072784,-1.829472541809082,5.272195196151733,5.273700714111328
25,7.917,52,7,1.2485419511795044,-1.709391474723816,-0.7064210176467896,-2.040715456008911,1.0241678953170776,-1.9258790016174316,5.2503925323486325,5.107817649841309
26,8.253,52,7,1.2485419511795044,-1.709391474723816,-0.7064210176467896,-2.040715456008911,0.20890666544437408,-1.8682301044464111,5.256400661468506,5.344814300537109
27,8.57,56,7,1.2485419511795044,-1.709391474723816,-0.7655771374702454,-2.0306131839752197,1.7977945804595947,-2.258835792541504,5.251944417953491,5.297089099884033
28,8.887,56,7,1.2485419511795044,-1.709391474723816,-0.7655771374702454,-2.0306131839752197,-1.071054458618164,-1.6521244049072266,5.231437425613404,5.142873287200928
29,9.231,60,7,1.2485419511795044,-1.709391474723816,-0.7549985647201538,-2.0222692489624023,1.2808092832565308,-2.2452750205993652,5.210447692871094,5.130489826202393
30,9.532,60,7,1.2485419511795044,-1.709391474723816,-0.7549985647201538,-2.0222692489624023,1.042563796043396,-1.8120793104171753,5.216834154129028,5.135366916656494
31,9.866,64,9,1.2485419511795044,-1.709391474723816,-0.7461177110671997,-2.005122661590576,-1.011029601097107,-1.6633014678955078,5.1822343349456785,5.300147533416748
32,10.176,64,9,1.2485419511795044,-1.709391474723816,-0.7461177110671997,-2.005122661590576,1.2736085653305054,-2.269911766052246,5.202226705551148,5.122470855712891
33,10.495,68,9,1.2485419511795044,-1.709391474723816,-0.7563490867614746,-1.998724341392517,0.8224647641181946,-1.9427027702331543,5.2035458278656,5.370946407318115
34,10.815,68,9,1.2485419511795044,-1.709391474723816,-0.7563490867614746,-1.998724341392517,-1.076365351676941,-1.6413267850875854,5.181594066619873,5.199001312255859
35,11.126,72,9,1.2485419511795044,-1.709391474723816,-0.7826826572418213,-1.988364338874817,0.7662060856819153,-1.946401596069336,5.170730447769165,5.148135185241699
36,11.454,72,9,1.2485419511795044,-1.709391474723816,-0.7826826572418213,-1.988364338874817,-0.9806357622146606,-1.6870219707489014,5.185291442871094,5.2668657302856445
37,11.767,76,9,1.2485419511795044,-1.709391474723816,-0.7815753221511841,-1.9818129539489746,0.598239541053772,-1.8719234466552734,5.170966873168945,5.241722106933594
38,12.08,76,9,1.2485419511795044,-1.709391474723816,-0.7815753221511841,-1.9818129539489746,1.7144705057144165,-2.2548391819000244,5.169269371032715,5.102542400360107
39,12.407,80,11,1.2485419511795044,-1.709391474723816,-0.7873266935348511,-1.9712553024291992,-1.1829233169555664,-1.6336601972579956,5.148883972167969,5.2019500732421875
40,12.711,80,11,1.2485419511795044,-1.709391474723816,-0.7873266935348511,-1.9712553024291992,1.3459460735321045,-2.267479658126831,5.162193660736084,5.086210250854492
41,13.048,84,5,1.2485419511795044,-1.6931723356246948,-0.783523440361023,-1.959897518157959,-1.029383897781372,-1.6853634119033813,5.118303737640381,5.080733776092529
42,13.36,84,5,1.2485419511795044,-1.6931723356246948,-0.783523440361023,-1.959897518157959,0.060299698263406754,-1.6556283235549927,5.122974882125854,5.044704437255859
43,13.69,88,7,1.2485419511795044,-1.658056378364563,-0.7955014705657959,-1.9470088481903076,0.05107248201966286,-1.6734368801116943,5.113009004592896,5.097570419311523
44,14.004,88,7,1.2485419511795044,-1.658056378364563,-0.7955014705657959,-1.9470088481903076,0.8801488280296326,-1.9561870098114014,5.126124467849731,5.081719875335693
45,14.318,92,7,1.2485419511795044,-1.658056378364563,-0.7798449397087097,-1.9415299892425537,0.8607019782066345,-1.788254737854004,5.1130351543426515,5.068022727966309
46,14.646,92,7,1.2485419511795044,-1.658056378364563,-0.7798449397087097,-1.9415299892425537,1.9283877611160278,-2.2501931190490723,5.097792348861694,5.113018035888672
47,14.959,96,7,1.2485419511795044,-1.658056378364563,-0.7744264602661133,-1.9412617683410645,1.2743726968765259,-2.2836954593658447,5.129528112411499,5.006396293640137
48,15.281,96,7,1.2485419511795044,-1.658056378364563,-0.7744264602661133,-1.9412617683410645,0.41133731603622437,-1.6719472408294678,5.096805114746093,5.202489852905273
49,15.603,100,7,1.2485419511795044,-1.658056378364563,-0.7458434104919434,-1.940626859664917,1.043492317199707,-1.8670283555984497,5.09218207359314,5.023449420928955
50,15.912,100,7,1.2485419511795044,-1.658056378364563,-0.7458434104919434,-1.940626859664917,0.550719678401947,-1.7165297269821167,5.13124080657959,5.217508316040039
51,16.25,104,7,1.2485419511795044,-1.658056378364563,-0.7179855108261108,-1.9396746158599854,0.18957914412021637,-1.6677814722061157,5.11873080253601,5.109412670135498
52,16.554,104,7,1.2485419511795044,-1.658056378364563,-0.7179855108261108,-1.9396746158599854,0.7987416386604309,-1.945878267288208,5.125371961593628,4.971653461456299
53,16.886,108,7,1.2485419511795044,-1.658056378364563,-0.7028628587722778,-1.9439369440078735,1.3175784349441528,-2.2758724689483643,5.127264537811279,5.14357328414917
54,17.196,108,7,1.2485419511795044,-1.658056378364563,-0.7028628587722778,-1.9439369440078735,1.3080216646194458,-2.256225109100342,5.1261722850799565,5.063642978668213
55,17.515,112,7,1.2485419511795044,-1.658056378364563,-0.7142599821090698,-1.9450740814208984,1.5791412591934204,-2.2904627323150635,5.102779035568237,5.197689533233643
56,17.838,112,7,1.2485419511795044,-1.658056378364563,-0.7142599821090698,-1.9450740814208984,-1.9438421726226807,-1.633234977722168,5.103209962844849,5.019857406616211
57,18.155,116,8,1.2485419511795044,-1.658056378364563,-0.7311899662017822,-1.936395525932312,-0.042351383715867996,-1.6008892059326172,5.099709367752075,4.994381904602051
58,18.482,116,8,1.2485419511795044,-1.658056378364563,-0.7311899662017822,-1.936395525932312,-2.1528892517089844,-1.648817539215088,5.108431692123413,5.234903335571289
59,18.82,120,9,1.2485419511795044,-1.658056378364563,-0.7272540926933289,-1.9320515394210815,-1.8106763362884521,-1.649156928062439,5.140017433166504,5.234006881713867
60,19.15,120,9,1.2485419511795044,-1.658056378364563,-0.7272540926933289,-1.9320515394210815,2.204496145248413,-2.2459115982055664,5.118936786651611,5.16276216506958
61,19.477,124,9,1.2485419511795044,-1.658056378364563,-0.7257624864578247,-1.9315203428268433,0.5997860431671143,-1.8473304510116577,5.110529403686524,5.118412494659424
62,19.781,124,9,1.2485419511795044,-1.658056378364563,-0.7257624864578247,-1.9315203428268433,-0.03496693819761276,-1.5966254472732544,5.120302572250366,5.149613857269287
63,20.178,128,9,1.2485419511795044,-1.658056378364563,-0.7179402112960815,-1.9274183511734009,-2.051361560821533,-1.5849415063858032,5.0834290885925295,5.064589023590088
64,20.483,128,9,1.2485419511795044,-1.658056378364563,-0.7179402112960815,-1.9274183511734009,-0.8893921971321106,-1.665848731994629,5.09015459060669,5.064841270446777
65,20.816,132,9,1.2485419511795044,-1.658056378364563,-0.7153476476669312,-1.9274215698242188,0.31619784235954285,-1.7676799297332764,5.114872436523438,5.207858562469482
66,21.126,132,9,1.2485419511795044,-1.658056378364563,-0.7153476476669312,-1.9274215698242188,-1.665946125984192,-1.5869638919830322,5.111936044692993,5.092767238616943
67,21.448,136,9,1.2485419511795044,-1.658056378364563,-0.7381248474121094,-1.923034429550171,-2.0872902870178223,-1.6291966438293457,5.079599800109864,5.10344934463501
68,21.771,136,9,1.2485419511795044,-1.658056378364563,-0.7381248474121094,-1.923034429550171,0.5811113119125366,-1.7196283340454102,5.085984058380127,5.082313537597656
69,22.084,140,9,1.2485419511795044,-1.658056378364563,-0.7465357184410095,-1.9205574989318848,-0.8019774556159973,-1.6165701150894165,5.096423082351684,5.0343828201293945
70,22.413,140,9,1.2485419511795044,-1.658056378364563,-0.7465357184410095,-1.9205574989318848,0.840404212474823,-1.86195969581604,5.077743415832519,5.052750587463379
71,22.732,144,9,1.2485419511795044,-1.658056378364563,-0.7446596622467041,-1.921316385269165,0.6063888669013977,-1.6082863807678223,5.059171485900879,5.082696437835693
72,23.049,144,9,1.2485419511795044,-1.658056378364563,-0.7446596622467041,-1.921316385269165,-0.8175117373466492,-1.6456049680709839,5.076242952346802,5.209001064300537
73,23.383,148,9,1.2485419511795044,-1.658056378364563,-0.7389390468597412,-1.9227544069290161,0.8041355609893799,-1.8973677158355713,5.092371921539307,5.077798843383789
74,23.693,148,9,1.2485419511795044,-1.658056378364563,-0.7389390468597412,-1.9227544069290161,1.1335170269012451,-1.786290168762207,5.071214618682862,4.887174129486084
75,24.036,152,9,1.2485419511795044,-1.658056378364563,-0.7445368766784668,-1.926735758781433,1.4995381832122803,-2.161933660507202,5.087110414505005,5.144034385681152
76,24.343,152,9,1.2485419511795044,-1.658056378364563,-0.7445368766784668,-1.926735758781433,-2.0572402477264404,-1.5881047248840332,5.084606113433838,5.213204383850098
77,24.673,156,9,1.2485419511795044,-1.658056378364563,-0.7461808919906616,-1.925500750541687,1.1462482213974,-1.949404001235962,5.100466871261597,5.187894344329834
78,24.994,156,9,1.2485419511795044,-1.658056378364563,-0.7461808919906616,-1.925500750541687,0.515710711479187,-1.7800171375274658,5.109757614135742,4.962419509887695
79,25.313,160,9,1.2485419511795044,-1.658056378364563,-0.7444196939468384,-1.930629014968872,1.2635278701782227,-2.2864770889282227,5.09673994064331,5.030424118041992
80,25.64,160,9,1.2485419511795044,-1.658056378364563,-0.7444196939468384,-1.930629014968872,0.9926449060440063,-1.9278855323791504,5.123361110687256,5.149588108062744
81,25.965,164,9,1.2485419511795044,-1.658056378364563,-0.7508681416511536,-1.9340617656707764,1.3774341344833374,-2.2288177013397217,5.1231185340881344,5.162213325500488
82,26.291,164,9,1.2485419511795044,-1.658056378364563,-0.7508681416511536,-1.9340617656707764,-0.8446249961853027,-1.6520373821258545,5.126846408843994,5.157670021057129
83,26.612,168,9,1.2485419511795044,-1.658056378364563,-0.7586737275123596,-1.9325082302093506,-2.190431833267212,-1.5825802087783813,5.123724374771118,5.097043037414551
84,26.926,168,9,1.2485419511795044,-1.658056378364563,-0.7586737275123596,-1.9325082302093506,-2.10894513130188,-1.621461033821106,5.069250679016113,5.168126106262207
85,27.259,172,9,1.2485419511795044,-1.658056378364563,-0.769818127155304,-1.939304232597351,1.3116294145584106,-2.2614822387695312,5.07971344947815,5.148287773132324
86,27.566,172,9,1.2485419511795044,-1.658056378364563,-0.769818127155304,-1.939304232597351,1.2590711116790771,-1.8868064880371094,5.103770112991333,4.930044651031494
87,27.904,176,9,1.2485419511795044,-1.658056378364563,-0.7729499340057373,-1.9372073411941528,0.1911822408437729,-1.5822420120239258,5.096545400619507,4.979138374328613
88,28.235,176,9,1.2485419511795044,-1.658056378364563,-0.7729499340057373,-1.9372073411941528,-2.066342353820801,-1.6049644947052002,5.106104125976563,5.047586917877197
89,28.562,180,9,1.2485419511795044,-1.658056378364563,-0.766196608543396,-1.9419233798980713,1.511948823928833,-2.2899224758148193,5.11955623626709,5.000873565673828
90,28.889,180,9,1.2485419511795044,-1.658056378364563,-0.766196608543396,-1.9419233798980713,-1.74644136428833,-1.6503872871398926,5.100431327819824,5.251143932342529
91,29.206,184,9,1.2485419511795044,-1.658056378364563,-0.7609468698501587,-1.9416890144348145,-1.950276255607605,-1.518813967704773,5.102563257217407,4.950436592102051
92,29.535,184,9,1.2485419511795044,-1.658056378364563,-0.7609468698501587,-1.9416890144348145,-1.0487878322601318,-1.5787255764007568,5.129355516433716,5.069222450256348
93,29.852,188,9,1.2485419511795044,-1.658056378364563,-0.7511212825775146,-1.9414173364639282,-2.114769697189331,-1.6268632411956787,5.106985197067261,5.229424476623535
94,30.176,188,9,1.2485419511795044,-1.658056378364563,-0.7511212825775146,-1.9414173364639282,1.3726332187652588,-2.192937135696411,5.130108242034912,5.129635334014893
95,30.499,192,9,1.2485419511795044,-1.658056378364563,-0.7452220916748047,-1.9445213079452515,0.7625219225883484,-1.9015580415725708,5.113210496902465,5.0867109298706055
96,30.811,192,9,1.2485419511795044,-1.658056378364563,-0.7452220916748047,-1.9445213079452515,1.9926540851593018,-2.2219183444976807,5.140886240005493,4.97805118560791
97,31.147,196,9,1.2485419511795044,-1.658056378364563,-0.7446126937866211,-1.9416627883911133,-0.5369524359703064,-1.5924797058105469,5.121400957107544,4.97786808013916
98,31.454,196,9,1.2485419511795044,-1.658056378364563,-0.7446126937866211,-1.9416627883911133,-2.2001545429229736,-1.6361299753189087,5.127773380279541,5.191618919372559
99,31.791,200,9,1.2485419511795044,-1.658056378364563,-0.7319074869155884,-1.9399762153625488,-2.0385632514953613,-1.6084271669387817,5.106322250366211,4.956976890563965
100,32.103,200,9,1.2485419511795044,-1.658056378364563,-0.7319074869155884,-1.9399762153625488,1.9055546522140503,-2.242917060852051,5.133441438674927,5.254746437072754
101,32.43,200,9,1.2485419511795044,-1.658056378364563,-0.7558778524398804,-1.9236689805984497,2.043754816055298,-2.2571628093719482,5.094112710952759,5.147145748138428
102,32.753,200,9,1.2485419511795044,-1.658056378364563,-0.7558778524398804,-1.9236689805984497,1.3611396551132202,-2.273610830307007,5.089269180297851,5.063542366027832
103,33.07,200,8,0.7302391529083252,-1.658056378364563,-0.7618110775947571,-1.9185211658477783,1.222862720489502,-1.8567456007003784,5.10065001487732,5.136007785797119
104,33.409,200,8,0.7302391529083252,-1.658056378364563,-0.7618110775947571,-1.9185211658477783,0.2681471109390259,-1.6733896732330322,5.08353328704834,5.065812110900879
105,33.731,200,8,0.7302391529083252,-1.658056378364563,-0.7616051435470581,-1.9147067070007324,0.8310384154319763,-1.7025340795516968,5.086440515518189,4.891853332519531
106,34.053,200,8,0.7302391529083252,-1.658056378364563,-0.7616051435470581,-1.9147067070007324,0.031809478998184204,-1.6916744709014893,5.099761896133423,5.085762977600098
107,34.381,200,8,0.7302391529083252,-1.658056378364563,-0.7627302408218384,-1.908158302307129,-2.0854501724243164,-1.6486749649047852,5.069663019180298,5.048279285430908
108,34.692,200,8,0.7302391529083252,-1.658056378364563,-0.7627302408218384,-1.908158302307129,-0.896902322769165,-1.6352715492248535,5.070097417831421,5.084498405456543
109,35.03,200,8,0.7302391529083252,-1.658056378364563,-0.7566519379615784,-1.9073197841644287,-2.1692521572113037,-1.6567314863204956,5.077131853103638,5.137364387512207
110,35.338,200,8,0.7302391529083252,-1.658056378364563,-0.7566519379615784,-1.9073197841644287,0.42564713954925537,-1.7637137174606323,5.0699175930023195,4.983030796051025
111,35.675,200,9,0.7302391529083252,-1.658056378364563,-0.7637985348701477,-1.904062032699585,-1.85710871219635,-1.605209231376648,5.047848443984986,5.048212051391602
112,35.989,200,9,0.7302391529083252,-1.658056378364563,-0.7637985348701477,-1.904062032699585,-1.8705406188964844,-1.6318318843841553,5.086380701065064,5.062504291534424
113,36.35,200,9,0.9027761816978455,-1.658056378364563,-0.7426992654800415,-1.906376600265503,0.9309655427932739,-1.9433969259262085,5.05998927116394,5.056878566741943
114,36.704,200,9,0.9027761816978455,-1.658056378364563,-0.7426992654800415,-1.906376600265503,1.1334410905838013,-1.9946887493133545,5.066498212814331,5.052736759185791
115,37.06,200,10,0.9027761816978455,-1.658056378364563,-0.7630481719970703,-1.905726671218872,0.9396556615829468,-1.9084833860397339,5.074026556015014,5.15431022644043
116,37.422,200,10,0.9027761816978455,-1.658056378364563,-0.7630481719970703,-1.905726671218872,-1.9817239046096802,-1.6527173519134521,5.063804321289062,5.173982620239258
117,37.745,200,10,0.9027761816978455,-1.658056378364563,-0.7590217590332031,-1.9107288122177124,0.42406249046325684,-1.7438582181930542,5.04790880203247,4.9284820556640625
118,38.074,200,10,0.9027761816978455,-1.658056378364563,-0.7590217590332031,-1.9107288122177124,-2.0734493732452393,-1.6188135147094727,5.050859203338623,5.210066795349121
119,38.408,200,10,0.9027761816978455,-1.658056378364563,-0.7794761657714844,-1.909190058708191,-1.7768394947052002,-1.6366173028945923,5.058120250701904,5.031683444976807
120,38.726,200,10,0.9027761816978455,-1.658056378364563,-0.7794761657714844,-1.909190058708191,-1.9578258991241455,-1.6545333862304688,5.076137990951538,5.146028995513916
121,39.062,200,10,0.9027761816978455,-1.658056378364563,-0.7688794136047363,-1.9105477333068848,-1.8941785097122192,-1.6065741777420044,5.083570594787598,5.0335917472839355
122,39.37,200,10,0.9027761816978455,-1.658056378364563,-0.7688794136047363,-1.9105477333068848,0.07087360322475433,-1.6362000703811646,5.079297180175781,5.010861873626709
123,39.775,200,10,0.9027761816978455,-1.658056378364563,-0.7768805027008057,-1.9150707721710205,0.8910465240478516,-1.9888759851455688,5.078623371124268,5.169279098510742
124,40.084,200,10,0.9027761816978455,-1.658056378364563,-0.7768805027008057,-1.9150707721710205,1.1284867525100708,-1.9629385471343994,5.087441291809082,5.020053863525391
125,40.418,200,9,0.9428418874740601,-1.658056378364563,-0.7673338055610657,-1.9173877239227295,1.0478242635726929,-2.001814842224121,5.104711332321167,5.035955905914307
126,40.734,200,9,0.9428418874740601,-1.658056378364563,-0.7673338055610657,-1.9173877239227295,0.7453843355178833,-1.8776624202728271,5.05720685005188,5.0419158935546875
127,41.057,200,9,0.9428418874740601,-1.658056378364563,-0.7579556107521057,-1.9209829568862915,1.1390597820281982,-1.9587066173553467,5.080693168640137,4.93346643447876
128,41.384,200,9,0.9428418874740601,-1.658056378364563,-0.7579556107521057,-1.9209829568862915,-2.161813974380493,-1.6441926956176758,5.0935068035125735,5.086256980895996
129,41.701,200,10,0.9428418874740601,-1.658056378364563,-0.7505859136581421,-1.9223796129226685,1.3935809135437012,-1.9830812215805054,5.0712729167938235,5.080835819244385
130,42.032,200,10,0.9428418874740601,-1.658056378364563,-0.7505859136581421,-1.9223796129226685,1.5720350742340088,-1.9642897844314575,5.075296506881714,5.189809799194336
131,42.353,200,10,0.9428418874740601,-1.658056378364563,-0.7496703863143921,-1.927647352218628,-2.025533676147461,-1.652998685836792,5.077481985092163,4.885035514831543
132,42.672,200,10,0.9428418874740601,-1.658056378364563,-0.7496703863143921,-1.927647352218628,0.613335907459259,-1.8749650716781616,5.09318694114685,5.108824253082275
133,43.004,200,10,0.9428418874740601,-1.658056378364563,-0.7448819875717163,-1.9288506507873535,0.9490901231765747,-1.944143533706665,5.0600041580200195,4.937168598175049
134,43.325,200,10,0.9428418874740601,-1.658056378364563,-0.7448819875717163,-1.9288506507873535,1.1979156732559204,-1.959106206893921,5.084604377746582,5.018607139587402
135,43.665,200,10,0.9428418874740601,-1.658056378364563,-0.745491623878479,-1.9306645393371582,-0.15731121599674225,-1.6459197998046875,5.095259647369385,5.019586563110352
136,43.978,200,10,0.9428418874740601,-1.658056378364563,-0.745491623878479,-1.9306645393371582,1.0024434328079224,-1.9697234630584717,5.086121273040772,5.0236005783081055
137,44.311,200,10,0.9428418874740601,-1.658056378364563,-0.7377026081085205,-1.9332787990570068,1.167496919631958,-1.9387110471725464,5.092206439971924,5.045229911804199
138,44.625,200,10,0.9428418874740601,-1.658056378364563,-0.7377026081085205,-1.9332787990570068,-1.8966748714447021,-1.5905216932296753,5.091999063491821,4.9772162437438965
139,44.954,200,10,0.9428418874740601,-1.658056378364563,-0.722954511642456,-1.9374812841415405,1.0947116613388062,-1.972064733505249,5.120570125579834,5.0621843338012695
140,45.279,200,10,0.9428418874740601,-1.658056378364563,-0.722954511642456,-1.9374812841415405,0.5419560074806213,-1.8902989625930786,5.097012758255005,5.013054370880127
141,45.598,200,9,0.9428418874740601,-1.658056378364563,-0.7211557626724243,-1.941884160041809,-0.924724280834198,-1.6589056253433228,5.104602546691894,4.992559432983398
142,45.934,200,9,0.9428418874740601,-1.658056378364563,-0.7211557626724243,-1.941884160041809,0.13204176723957062,-1.6616567373275757,5.127238674163818,5.146371841430664
143,46.254,200,8,0.9428418874740601,-1.6658557653427124,-0.7286496162414551,-1.947666883468628,0.3796390891075134,-1.6966402530670166,5.102456750869751,5.138761520385742
144,46.573,200,8,0.9428418874740601,-1.6658557653427124,-0.7286496162414551,-1.947666883468628,0.7272821664810181,-1.9150193929672241,5.121004362106323,5.241868019104004
145,46.903,200,8,0.9428418874740601,-1.6658557653427124,-0.7373682260513306,-1.9510847330093384,0.40628376603126526,-1.7385869026184082,5.130027990341187,5.350395202636719
146,47.211,200,8,0.9428418874740601,-1.6658557653427124,-0.7373682260513306,-1.9510847330093384,0.275322824716568,-1.714858055114746,5.11468095779419,5.148773670196533
147,47.553,200,8,0.9428418874740601,-1.6658557653427124,-0.727803111076355,-1.953210711479187,0.471680611371994,-1.7110202312469482,5.120905294418335,5.344303131103516
148,47.876,200,8,0.9428418874740601,-1.6658557653427124,-0.727803111076355,-1.953210711479187,1.203262448310852,-1.955018162727356,5.105315265655517,4.945744037628174
149,48.208,200,8,0.9428418874740601,-1.6658557653427124,-0.7470201253890991,-1.9559853076934814,0.9945516586303711,-1.9689075946807861,5.094625263214112,4.99405574798584
150,48.527,200,8,0.9428418874740601,-1.6658557653427124,-0.7470201253890991,-1.9559853076934814,-0.2939058542251587,-1.6958388090133667,5.099081869125366,5.014573097229004
151,48.859,200,8,0.9428418874740601,-1.6658557653427124,-0.7606135010719299,-1.9553025960922241,0.2001950442790985,-1.708235740661621,5.115781173706055,4.950623512268066
152,49.186,200,8,0.9428418874740601,-1.6658557653427124,-0.7606135010719299,-1.9553025960922241,0.2903161942958832,-1.7248259782791138,5.107233362197876,5.159784317016602
153,49.505,200,8,0.9428418874740601,-1.6658557653427124,-0.7716152667999268,-1.9531302452087402,-1.027439832687378,-1.6435737609863281,5.125787668228149,5.067046642303467
154,49.833,200,8,0.9428418874740601,-1.6658557653427124,-0.7716152667999268,-1.9531302452087402,0.967027485370636,-1.9361584186553955,5.127441387176514,4.95216178894043
155,50.153,200,9,1.3863533735275269,-1.6658557653427124,-0.746840238571167,-1.9565850496292114,0.9935714602470398,-1.9042009115219116,5.099368848800659,5.031651020050049
156,50.469,200,9,1.3863533735275269,-1.6658557653427124,-0.746840238571167,-1.9565850496292114,-0.8408735394477844,-1.6430892944335938,5.108719053268433,5.244321823120117
157,50.807,200,8,1.3863533735275269,-1.694741129875183,-0.7370070815086365,-1.9627025127410889,-0.2796221077442169,-1.6325138807296753,5.127027244567871,5.015939235687256
158,51.115,200,8,1.3863533735275269,-1.694741129875183,-0.7370070815086365,-1.9627025127410889,1.4357953071594238,-2.051290988922119,5.133755798339844,5.080165863037109
159,51.458,200,7,1.3863533735275269,-1.694741129875183,-0.7347778081893921,-1.9661544561386108,-1.3045940399169922,-1.6447007656097412,5.111168870925903,5.0196533203125
160,51.77,200,7,1.3863533735275269,-1.694741129875183,-0.7347778081893921,-1.9661544561386108,0.15944404900074005,-1.7033334970474243,5.0995634651184085,5.023217678070068
161,52.104,200,7,1.639812707901001,-1.694741129875183,-0.7327369451522827,-1.9681658744812012,0.298604816198349,-1.718543529510498,5.138447484970093,5.301168441772461
162,52.421,200,7,1.639812707901001,-1.694741129875183,-0.7327369451522827,-1.9681658744812012,1.4309289455413818,-1.95249342918396,5.109099845886231,5.030518531799316
163,52.739,200,7,1.639812707901001,-1.694741129875183,-0.7273382544517517,-1.9778268337249756,2.1448922157287598,-1.932253122329712,5.135599374771118,5.207530975341797
164,53.069,200,7,1.639812707901001,-1.694741129875183,-0.7273382544517517,-1.9778268337249756,0.557374894618988,-1.9193438291549683,5.148989753723145,5.071820259094238
165,53.393,200,7,1.639812707901001,-1.694741129875183,-0.7280551791191101,-1.9797519445419312,-0.5456148982048035,-1.663396954536438,5.134825801849365,5.1194024085998535
166,53.72,200,7,1.639812707901001,-1.694741129875183,-0.7280551791191101,-1.9797519445419312,1.942694902420044,-1.9941986799240112,5.163994541168213,5.044679164886475
167,54.044,200,8,1.639812707901001,-1.694741129875183,-0.7011772394180298,-1.9870752096176147,1.0847022533416748,-1.9256651401519775,5.139295463562012,5.1750969886779785
168,54.355,200,8,1.639812707901001,-1.694741129875183,-0.7011772394180298,-1.9870752096176147,0.3771379590034485,-1.7167803049087524,5.15629376411438,5.1836347579956055
169,54.691,200,7,1.639812707901001,-1.694741129875183,-0.6885086297988892,-1.9915732145309448,0.5410319566726685,-1.8377922773361206,5.1431216049194335,5.088469982147217
170,55.0,200,7,1.639812707901001,-1.694741129875183,-0.6885086297988892,-1.9915732145309448,-1.3970838785171509,-1.6930214166641235,5.135127954483032,5.178668975830078
171,55.34,200,7,1.639812707901001,-1.694741129875183,-0.6794941425323486,-1.998124122619629,0.8969075083732605,-1.9359616041183472,5.196792116165161,5.333264350891113
172,55.65,200,7,1.639812707901001,-1.694741129875183,-0.6794941425323486,-1.998124122619629,1.892090916633606,-1.965933084487915,5.167891540527344,5.187104225158691
173,55.977,200,7,1.639812707901001,-1.694741129875183,-0.6825417876243591,-2.0010552406311035,0.8528446555137634,-1.9071274995803833,5.158090448379516,5.282110214233398
174,56.318,200,7,1.639812707901001,-1.694741129875183,-0.6825417876243591,-2.0010552406311035,0.20377638936042786,-1.7261465787887573,5.161395273208618,5.067790985107422
175,56.634,200,7,1.639812707901001,-1.694741129875183,-0.6762170195579529,-2.002342939376831,2.2156710624694824,-1.9732146263122559,5.151478052139282,5.295429229736328
176,56.965,200,7,1.639812707901001,-1.694741129875183,-0.6762170195579529,-2.002342939376831,0.558690071105957,-1.9251259565353394,5.170360250473022,5.166719436645508
177,57.283,200,7,1.639812707901001,-1.694741129875183,-0.6786348223686218,-2.008315324783325,-1.1364935636520386,-1.693112850189209,5.193805255889893,5.080880641937256
178,57.606,200,7,1.639812707901001,-1.694741129875183,-0.6786348223686218,-2.008315324783325,-1.203410267829895,-1.6826976537704468,5.19024697303772,5.287891387939453
179,57.934,200,7,1.639812707901001,-1.694741129875183,-0.6720728278160095,-2.0072078704833984,0.6749326586723328,-1.8436740636825562,5.168364582061767,5.460475921630859
180,58.253,200,7,1.639812707901001,-1.694741129875183,-0.6720728278160095,-2.0072078704833984,0.8838227987289429,-1.9433139562606812,5.170110712051391,5.178614139556885
181,58.601,200,7,1.639812707901001,-1.694741129875183,-0.6636710166931152,-2.007368564605713,-1.1441068649291992,-1.672174334526062,5.159748010635376,5.253290176391602
182,58.919,200,7,1.639812707901001,-1.694741129875183,-0.6636710166931152,-2.007368564605713,0.4806934595108032,-1.8913167715072632,5.1683151912689205,5.174228668212891
183,59.255,200,7,1.639812707901001,-1.694741129875183,-0.6595433950424194,-2.0083093643188477,0.3866099417209625,-1.687010407447815,5.173895015716552,5.209249019622803
184,59.565,200,7,1.639812707901001,-1.694741129875183,-0.6595433950424194,-2.0083093643188477,1.8703619241714478,-1.9662296772003174,5.197869739532471,5.148458957672119
185,59.892,200,7,1.639812707901001,-1.694741129875183,-0.6251650452613831,-2.004351854324341,-1.3067269325256348,-1.6503357887268066,5.170668659210205,5.19291877746582
186,60.214,200,7,1.639812707901001,-1.694741129875183,-0.6251650452613831,-2.004351854324341,-1.0342459678649902,-1.6233891248703003,5.194058141708374,5.030213832855225
187,60.532,200,7,1.639812707901001,-1.694741129875183,-0.6079519391059875,-2.0097944736480713,-1.2327035665512085,-1.6750566959381104,5.1730735301971436,5.122769355773926
188,60.863,200,7,1.639812707901001,-1.694741129875183,-0.6079519391059875,-2.0097944736480713,1.2144898176193237,-1.9843120574951172,5.170946769714355,5.253068923950195
189,61.183,200,7,1.639812707901001,-1.694741129875183,-0.6030409932136536,-2.0095465183258057,1.1751484870910645,-1.976879358291626,5.158465642929077,5.136528015136719
190,61.504,200,7,1.639812707901001,-1.694741129875183,-0.6030409932136536,-2.0095465183258057,1.0909173488616943,-1.967814564704895,5.138394079208374,5.251927375793457
191,61.833,200,7,1.639812707901001,-1.694741129875183,-0.6057171821594238,-2.0124905109405518,-0.8929170370101929,-1.675635814666748,5.15835750579834,5.057101249694824
192,62.145,200,7,1.639812707901001,-1.694741129875183,-0.6057171821594238,-2.0124905109405518,1.8645532131195068,-1.9378114938735962,5.175519676208496,5.280799388885498
193,62.481,200,7,1.639812707901001,-1.694741129875183,-0.6028199791908264,-2.016899824142456,-1.2849586009979248,-1.6862369775772095,5.173479986190796,5.1307373046875
194,62.789,200,7,1.639812707901001,-1.694741129875183,-0.6028199791908264,-2.016899824142456,1.2239181995391846,-1.9747719764709473,5.188139982223511,5.121607780456543
195,63.197,200,7,1.639812707901001,-1.694741129875183,-0.6069270968437195,-2.0162103176116943,-1.3000848293304443,-1.6905438899993896,5.1579757499694825,5.185573101043701
196,63.506,200,7,1.639812707901001,-1.694741129875183,-0.6069270968437195,-2.0162103176116943,0.964592456817627,-1.888628363609314,5.159191284179688,5.070095539093018
197,63.854,200,7,1.639812707901001,-1.694741129875183,-0.5924960970878601,-2.0229451656341553,-1.223914384841919,-1.6931852102279663,5.195029420852661,5.173722743988037
198,64.173,200,7,1.639812707901001,-1.694741129875183,-0.5924960970878601,-2.0229451656341553,1.6789953708648682,-1.9664655923843384,5.175775461196899,5.121899127960205
199,64.492,200,7,1.639812707901001,-1.694741129875183,-0.6100460290908813,-2.0281789302825928,-1.2343593835830688,-1.688658595085144,5.1597034740448,5.0800862312316895
200,64.822,200,7,1.639812707901001,-1.694741129875183,-0.6100460290908813,-2.0281789302825928,-1.3850853443145752,-1.6901429891586304,5.210668916702271,5.144137382507324
